<html><head><style type='text/css'>body {font: 12px arial}</style><link rel='canonical' href='https://www.w3schools.com/xml/tryrss_view.asp?filename=rss_ex_source.xml' />
<script data-cfasync="false" type="text/javascript">window.google_analytics_uacct = "UA-80950036-41";</script>
<script data-cfasync="false" type="text/javascript">
var _gaq = _gaq || [];
_gaq.push(['e._setAccount', 'UA-80950036-41']);
_gaq.push(['f._setAccount', 'UA-38339005-1']);
_gaq.push(['e._setDomainName', 'w3schools.com']);
_gaq.push(['f._setDomainName', 'w3schools.com']);
_gaq.push(['e._setCustomVar',1,'template','old_site_gc',3]);
_gaq.push(['e._setCustomVar',2,'t','126',3]);
_gaq.push(['e._setCustomVar',3,'rid','0',2]);
_gaq.push(['e._setCustomVar',4,'bra','mod1',3]);
_gaq.push(['f._setSampleRate', '5']);
_gaq.push(['e._setSampleRate', '5']);
_gaq.push(['e._setAllowAnchor',true]);
_gaq.push(['e._setSiteSpeedSampleRate', 10]);
_gaq.push(['f._setCustomVar',1,'template','old_site_gc',3]);
_gaq.push(['f._setCustomVar',2,'domain','w3schools.com',3]);
_gaq.push(['f._setSiteSpeedSampleRate', 20]);
_gaq.push(['e._trackPageview']);
_gaq.push(['f._trackPageview']);


(function() {
 var ga = document.createElement('script'); ga.type = 'text/javascript'; ga.async = true;
 ga.src = ('https:' == document.location.protocol ? 'https://ssl' : 'http://www') + '.google-analytics.com/ga.js';
 var s = document.getElementsByTagName('script')[0]; s.parentNode.insertBefore(ga, s);
})();

var ez_tos_track_count = 0;
var ez_last_activity_count = 0;
(function (__ez_tos) {
  window.setInterval(function () {
    __ez_tos = (function (t) {
      return t[0] == 45 ? (parseInt(t[1]) + 1) + ':00' : (t[1] || '0') + ':' + (parseInt(t[0]) + 15);
    })(__ez_tos.split(':').reverse());

    ez_tos_track_count++;
    if(ez_tos_track_count > 1 && ez_tos_track_count < (ez_last_activity_count + 4) && ez_tos_track_count < 240)
    {
        if(window.pageTracker)
        {
            pageTracker._trackEvent('Time', 'Log', __ez_tos);

        }
        else
        {
           _gaq.push(['e._trackEvent', 'Time', 'Log', __ez_tos]);
           _gaq.push(['f._trackEvent', 'Time', 'Log', __ez_tos]);

        }

		if(typeof(_paq) != 'undefined')
        {
            _paq.push(['trackEvent', 'Time', __ez_tos, 'TimeOnPage']);
        }

    }
  }, 15000);
})('00');

</script>
<script type="text/javascript">var ezouid = "828222401";</script><base href="https://www.w3schools.com/xml/tryrss_view.asp?filename=rss_ex_source.xml"><script type='text/javascript'>
var ezoTemplate = 'old_site_gc';
if(typeof ezouid == 'undefined')
{
    var ezouid = 'none';
}
var ezoFormfactor = '1';
var ezo_elements_to_check = Array();
</script><!-- START EZHEAD -->
<script type='text/javascript'>
var soc_app_id = '0';
var did = 34890;
var ezdomain = 'w3schools.com';
var ezoicSearchable = 1;
</script>
<!--{jquery}-->
<!-- END EZHEAD -->
<script type="text/javascript" data-cfasync="false">var _ezaq = {"ab_test_id":"mod1","ab_test_val":"","adgroup_rank_id":-1,"browser":"Unknown","browser_version":0,"country":"ES","device_height":528,"device_width":1280,"domain_id":34890,"engaged_time_visit":0,"forensiq_score":-1,"form_factor_id":1,"ip":"87.221.246.63","landing_page_url":"https://www.w3schools.com/xml/schema_intro.asp","os":"Unknown","page_ad_positions":"","page_view_id":"3e2f4b58-f1d1-44b4-6926-3e75c0aa0477","pv_event_count":0,"referrer_id":0,"referring_domain":"w3schools.com","region":"us-east-1","serverid":"54.237.120.18:1096","t_epoch":1487631535,"template_id":126,"time_on_site_visit":0,"url":"https://www.w3schools.com/xml/tryrss_view.asp?filename=rss_ex_source.xml","user_agent":"Mozilla/4.5 (compatible; HTTrack 3.0x; Windows 98)","user_id":828222401,"visit_id":1603011153,"visit_uuid":"ef60ffe3-aa66-40f7-7fb9-770edb74ec74"};var _ezExtraQueries = "&ez_orig=1";</script><script data-cfasync='false' type="text/javascript" src="/ezoic/imp2.js?cb=144-3&v=10"></script></head><body><b><a href='https://www.w3schools.com'>W3Schools Home Page</a></b><br>Free web building tutorials<i><br>RSS Version: 2.0<br></i><br><a href='https://www.w3schools.com/xml/xml_rss.asp'>RSS Tutorial</a>: New RSS tutorial on W3Schools<i><br>Source: <a href='https://www.w3schools.com'>W3Schools.com</a></i><br>